scenario,mode,ok,reason,latency_ms
rebind_time,zt_totp,True,ok,631.6356260003886
rebind_time,zt_totp,True,ok,605.2066249994823
rebind_time,zt_totp,True,ok,582.0105829998283
rebind_time,zt_totp,True,ok,605.0162089995865
rebind_time,zt_totp,True,ok,599.0345420000267
rebind_time,zt_totp,True,ok,608.8212079998812
rebind_time,zt_totp,True,ok,579.6192490001886
rebind_time,zt_totp,True,ok,646.2104170000202
rebind_time,zt_totp,True,ok,610.0983339997583
rebind_time,zt_totp,True,ok,600.3162499996506
rebind_time,zt_totp,True,ok,594.9287919997914
rebind_time,zt_totp,True,ok,602.7039579998927
rebind_time,zt_totp,True,ok,600.2987080000821
rebind_time,zt_totp,True,ok,594.0882080003576
rebind_time,zt_totp,True,ok,609.7766660000161
rebind_time,zt_totp,True,ok,606.9732910000312
legitimate_login,standard_totp,True,ok,5.892499999845313
legitimate_login,zt_totp,True,ok,598.3185830000366
legitimate_login,standard_totp,True,ok,8.882833999905415
legitimate_login,zt_totp,True,ok,592.7304580000055
legitimate_login,standard_totp,True,ok,8.872958999745606
legitimate_login,zt_totp,True,ok,585.8124169999428
legitimate_login,standard_totp,True,ok,7.914624999557418
legitimate_login,zt_totp,True,ok,1123.4901249999893
legitimate_login,standard_totp,True,ok,8.075541999915004
legitimate_login,zt_totp,True,ok,592.2335420000309
legitimate_login,standard_totp,True,ok,8.389250000163884
legitimate_login,zt_totp,True,ok,597.7655839997169
legitimate_login,standard_totp,True,ok,11.093624999830354
legitimate_login,zt_totp,True,ok,637.5979580002422
legitimate_login,standard_totp,True,ok,9.240374999990308
legitimate_login,zt_totp,True,ok,592.6689590000933
legitimate_login,standard_totp,True,ok,9.087249999993219
legitimate_login,zt_totp,True,ok,604.7833330003414
legitimate_login,standard_totp,True,ok,9.374875000048633
legitimate_login,zt_totp,True,ok,597.8330420002749
legitimate_login,standard_totp,True,ok,9.426250000160508
legitimate_login,zt_totp,True,ok,592.3455000001923
legitimate_login,standard_totp,True,ok,7.999583000128041
legitimate_login,zt_totp,True,ok,619.610707999982
legitimate_login,standard_totp,True,ok,8.674790999975812
legitimate_login,zt_totp,True,ok,611.6871670001274
legitimate_login,standard_totp,True,ok,8.855332999701204
legitimate_login,zt_totp,True,ok,579.984666999735
legitimate_login,standard_totp,True,ok,7.747999999992317
legitimate_login,zt_totp,True,ok,600.5513750001228
legitimate_login,standard_totp,True,ok,9.081916000013734
legitimate_login,zt_totp,True,ok,685.8649999999216
legitimate_login,standard_totp,True,ok,8.156625000083295
legitimate_login,zt_totp,True,ok,593.6037090000355
legitimate_login,standard_totp,True,ok,9.714082999835227
legitimate_login,zt_totp,True,ok,589.1145830000823
legitimate_login,standard_totp,True,ok,9.92266599996583
legitimate_login,zt_totp,True,ok,591.3300409997646
legitimate_login,standard_totp,True,ok,9.269041000152356
legitimate_login,zt_totp,True,ok,610.0379169997723
legitimate_login,standard_totp,True,ok,8.326083000156359
legitimate_login,zt_totp,True,ok,585.7035419999193
legitimate_login,standard_totp,True,ok,9.107165999921563
legitimate_login,zt_totp,True,ok,593.9441660002558
legitimate_login,standard_totp,True,ok,8.89845800020339
legitimate_login,zt_totp,True,ok,602.5952499999221
legitimate_login,standard_totp,True,ok,7.8688749999855645
legitimate_login,zt_totp,True,ok,614.1435409999758
legitimate_login,standard_totp,True,ok,9.007291999751033
legitimate_login,zt_totp,True,ok,588.2264169999871
legitimate_login,standard_totp,True,ok,8.859291000135272
legitimate_login,zt_totp,True,ok,582.945957999982
legitimate_login,standard_totp,True,ok,8.248208000168233
legitimate_login,zt_totp,True,ok,592.2235829998499
legitimate_login,standard_totp,True,ok,3.9125419998526922
legitimate_login,zt_totp,True,ok,582.7800839997508
legitimate_login,standard_totp,True,ok,7.474250000086613
legitimate_login,zt_totp,True,ok,598.3169999999518
legitimate_login,standard_totp,True,ok,8.956790999945952
legitimate_login,zt_totp,True,ok,600.7768329995997
legitimate_login,standard_totp,True,ok,8.124834000227565
legitimate_login,zt_totp,True,ok,578.5465419999127
legitimate_login,standard_totp,True,ok,8.763667000039277
legitimate_login,zt_totp,True,ok,612.2083750001366
legitimate_login,standard_totp,True,ok,8.943708000060724
legitimate_login,zt_totp,True,ok,588.6838339997666
legitimate_login,standard_totp,True,ok,8.759291999922425
legitimate_login,zt_totp,True,ok,591.2563749998299
legitimate_login,standard_totp,True,ok,8.995166000204335
legitimate_login,zt_totp,True,ok,593.2010419996914
legitimate_login,standard_totp,True,ok,8.803250000255503
legitimate_login,zt_totp,True,ok,607.2652500001823
legitimate_login,standard_totp,True,ok,9.906708000016806
legitimate_login,zt_totp,True,ok,596.6648749999877
legitimate_login,standard_totp,True,ok,8.029790999898978
legitimate_login,zt_totp,True,ok,600.466625000081
legitimate_login,standard_totp,True,ok,9.01229200007947
legitimate_login,zt_totp,True,ok,589.9352500000532
legitimate_login,standard_totp,True,ok,8.766665999701218
legitimate_login,zt_totp,True,ok,611.9986250000693
legitimate_login,standard_totp,True,ok,9.009165999941615
legitimate_login,zt_totp,True,ok,608.9112920003572
legitimate_login,standard_totp,True,ok,8.718083000076149
legitimate_login,zt_totp,True,ok,587.107541000023
legitimate_login,standard_totp,True,ok,9.137417000147252
legitimate_login,zt_totp,True,ok,594.0168750003068
legitimate_login,standard_totp,True,ok,8.504291999997804
legitimate_login,zt_totp,True,ok,571.900166999967
legitimate_login,standard_totp,True,ok,8.813250000002881
legitimate_login,zt_totp,True,ok,572.9763330000424
legitimate_login,standard_totp,True,ok,9.018083000228216
legitimate_login,zt_totp,True,ok,591.9096659999923
legitimate_login,standard_totp,True,ok,9.031250000134605
legitimate_login,zt_totp,True,ok,973.5101249998479
legitimate_login,standard_totp,True,ok,8.952791999945475
legitimate_login,zt_totp,True,ok,582.2410420000779
legitimate_login,standard_totp,True,ok,7.995083999958297
legitimate_login,zt_totp,True,ok,584.6814579999773
legitimate_login,standard_totp,True,ok,8.910000000014406
legitimate_login,zt_totp,True,ok,607.0405410000603
legitimate_login,standard_totp,True,ok,8.685082999818405
legitimate_login,zt_totp,True,ok,581.0444170001574
legitimate_login,standard_totp,True,ok,8.227541999985988
legitimate_login,zt_totp,True,ok,586.4842500000123
legitimate_login,standard_totp,True,ok,9.138583000094513
legitimate_login,zt_totp,True,ok,590.5620829998952
legitimate_login,standard_totp,True,ok,9.063916999821231
legitimate_login,zt_totp,True,ok,591.8356669999412
legitimate_login,standard_totp,True,ok,9.032791999743495
legitimate_login,zt_totp,True,ok,592.3231249998935
legitimate_login,standard_totp,True,ok,9.268499999961932
legitimate_login,zt_totp,True,ok,594.0735409999434
legitimate_login,standard_totp,True,ok,8.090207999885024
legitimate_login,zt_totp,True,ok,580.8385830000589
legitimate_login,standard_totp,True,ok,7.990290999714489
legitimate_login,zt_totp,True,ok,595.3212079998593
legitimate_login,standard_totp,True,ok,9.296499999891239
legitimate_login,zt_totp,True,ok,591.8085829998745
legitimate_login,standard_totp,True,ok,9.191250000185391
legitimate_login,zt_totp,True,ok,590.5334160001985
legitimate_login,standard_totp,True,ok,9.316375000253174
legitimate_login,zt_totp,True,ok,590.4102920003425
legitimate_login,standard_totp,True,ok,9.074333999706141
legitimate_login,zt_totp,True,ok,591.156041999966
legitimate_login,standard_totp,True,ok,8.95466599968131
legitimate_login,zt_totp,True,ok,589.8529579999376
legitimate_login,standard_totp,True,ok,8.69391700007327
legitimate_login,zt_totp,True,ok,584.5773750002081
legitimate_login,standard_totp,True,ok,8.172083999852475
legitimate_login,zt_totp,True,ok,597.1986250001464
legitimate_login,standard_totp,True,ok,9.318875000190019
legitimate_login,zt_totp,True,ok,596.3489169998866
legitimate_login,standard_totp,True,ok,8.741583000301034
legitimate_login,zt_totp,True,ok,592.2664579998127
legitimate_login,standard_totp,True,ok,8.746125000016036
legitimate_login,zt_totp,True,ok,584.0030419999493
legitimate_login,standard_totp,True,ok,8.545582999886392
legitimate_login,zt_totp,True,ok,592.0882919999713
legitimate_login,standard_totp,True,ok,8.747125000354572
legitimate_login,zt_totp,True,ok,579.0949170000204
legitimate_login,standard_totp,True,ok,9.216333000040322
legitimate_login,zt_totp,True,ok,615.6155409998973
legitimate_login,standard_totp,True,ok,8.16308299999946
legitimate_login,zt_totp,True,ok,587.7025419999882
legitimate_login,standard_totp,True,ok,8.186625000234926
legitimate_login,zt_totp,True,ok,601.592915999845
legitimate_login,standard_totp,True,ok,8.782249999967462
legitimate_login,zt_totp,True,ok,588.079000000107
legitimate_login,standard_totp,True,ok,8.498374999817315
legitimate_login,zt_totp,True,ok,592.7455420001024
legitimate_login,standard_totp,True,ok,8.63500000014028
legitimate_login,zt_totp,True,ok,592.7159999996547
legitimate_login,standard_totp,True,ok,8.775875000083033
legitimate_login,zt_totp,True,ok,618.0070000000342
legitimate_login,standard_totp,True,ok,7.876707999912469
legitimate_login,zt_totp,True,ok,598.7061249998078
legitimate_login,standard_totp,True,ok,9.763415999714198
legitimate_login,zt_totp,True,ok,575.6834999997409
legitimate_login,standard_totp,True,ok,8.557000000109838
legitimate_login,zt_totp,True,ok,584.9208750000798
legitimate_login,standard_totp,True,ok,7.857916000375553
legitimate_login,zt_totp,True,ok,582.1274589998211
legitimate_login,standard_totp,True,ok,8.922583000185114
legitimate_login,zt_totp,True,ok,593.2446659999187
legitimate_login,standard_totp,True,ok,8.148166999944806
legitimate_login,zt_totp,True,ok,598.0190420000326
legitimate_login,standard_totp,True,ok,8.440291000169964
legitimate_login,zt_totp,True,ok,596.4222089996838
legitimate_login,standard_totp,True,ok,9.077833999981522
legitimate_login,zt_totp,True,ok,605.482166999991
legitimate_login,standard_totp,True,ok,9.067208000033133
legitimate_login,zt_totp,True,ok,587.2487500000716
legitimate_login,standard_totp,True,ok,8.096832999854087
legitimate_login,zt_totp,True,ok,996.449499999926
legitimate_login,standard_totp,True,ok,9.000125000056869
legitimate_login,zt_totp,True,ok,588.4915419997014
legitimate_login,standard_totp,True,ok,8.119542000258662
legitimate_login,zt_totp,True,ok,1011.7549999999937
legitimate_login,standard_totp,True,ok,8.810791000087193
legitimate_login,zt_totp,True,ok,585.3872499997124
legitimate_login,standard_totp,True,ok,8.010417000150483
legitimate_login,zt_totp,True,ok,578.488207999726
legitimate_login,standard_totp,True,ok,9.130167000421352
legitimate_login,zt_totp,True,ok,1032.1912500003236
legitimate_login,standard_totp,True,ok,8.052208999743016
legitimate_login,zt_totp,True,ok,596.9208329997855
legitimate_login,standard_totp,True,ok,7.906667000042944
legitimate_login,zt_totp,True,ok,580.7582080001339
legitimate_login,standard_totp,True,ok,9.833292000166693
legitimate_login,zt_totp,True,ok,596.6423749996466
legitimate_login,standard_totp,True,ok,8.261874999789143
legitimate_login,zt_totp,True,ok,1450.4259589998583
legitimate_login,standard_totp,True,ok,9.177749999707885
legitimate_login,zt_totp,True,ok,583.5093750001761
legitimate_login,standard_totp,True,ok,8.126750000428729
legitimate_login,zt_totp,True,ok,599.2346250000082
legitimate_login,standard_totp,True,ok,9.942167000190238
legitimate_login,zt_totp,True,ok,590.6711669999822
legitimate_login,standard_totp,True,ok,8.999250000215397
legitimate_login,zt_totp,True,ok,587.3395829999026
legitimate_login,standard_totp,True,ok,8.350624999820866
legitimate_login,zt_totp,True,ok,585.8458330003486
legitimate_login,standard_totp,True,ok,10.973374999593943
legitimate_login,zt_totp,True,ok,584.712583000055
legitimate_login,standard_totp,True,ok,9.288334000302712
legitimate_login,zt_totp,True,ok,597.2571669999525
legitimate_login,standard_totp,True,ok,8.021832999929757
legitimate_login,zt_totp,True,ok,591.2200000002485
legitimate_login,standard_totp,True,ok,8.02316699991934
legitimate_login,zt_totp,True,ok,598.227916000269
legitimate_login,standard_totp,True,ok,8.814042000267364
legitimate_login,zt_totp,True,ok,595.2321249997112
legitimate_login,standard_totp,True,ok,5.530041999918467
legitimate_login,zt_totp,True,ok,572.9173750000882
legitimate_login,standard_totp,True,ok,8.932167000239133
legitimate_login,zt_totp,True,ok,1026.3267079999423
legitimate_login,standard_totp,True,ok,8.197166000172729
legitimate_login,zt_totp,True,ok,586.4832499996737
legitimate_login,standard_totp,True,ok,8.003500000086206
legitimate_login,zt_totp,True,ok,591.9074580001507
legitimate_login,standard_totp,True,ok,7.814208999661787
legitimate_login,zt_totp,True,ok,567.6031250000051
legitimate_login,standard_totp,True,ok,4.228750000038417
legitimate_login,zt_totp,True,ok,573.1182499998795
legitimate_login,standard_totp,True,ok,9.20662499993341
legitimate_login,zt_totp,True,ok,591.6465000000244
legitimate_login,standard_totp,True,ok,18.587125000067317
legitimate_login,zt_totp,True,ok,596.4532499997404
legitimate_login,standard_totp,True,ok,9.00804100001551
legitimate_login,zt_totp,True,ok,609.6557920000123
legitimate_login,standard_totp,True,ok,8.585083000070881
legitimate_login,zt_totp,True,ok,574.6333749998485
legitimate_login,standard_totp,True,ok,7.671749999644817
legitimate_login,zt_totp,True,ok,589.3526659997406
legitimate_login,standard_totp,True,ok,8.95954099996743
legitimate_login,zt_totp,True,ok,598.4068749999096
legitimate_login,standard_totp,True,ok,8.91700000011042
legitimate_login,zt_totp,True,ok,596.6904169999907
legitimate_login,standard_totp,True,ok,7.837250000193308
legitimate_login,zt_totp,True,ok,599.9889999998231
legitimate_login,standard_totp,True,ok,8.75316700012263
legitimate_login,zt_totp,True,ok,591.6019169999345
legitimate_login,standard_totp,True,ok,9.086415999718156
legitimate_login,zt_totp,True,ok,572.326209000039
legitimate_login,standard_totp,True,ok,6.068874999982654
legitimate_login,zt_totp,True,ok,575.7320839998101
legitimate_login,standard_totp,True,ok,5.069125000318309
legitimate_login,zt_totp,True,ok,580.451291999907
legitimate_login,standard_totp,True,ok,8.893583999906696
legitimate_login,zt_totp,True,ok,588.5491250000996
legitimate_login,standard_totp,True,ok,8.794874999694002
legitimate_login,zt_totp,True,ok,592.5257079998119
legitimate_login,standard_totp,True,ok,8.823583999856055
legitimate_login,zt_totp,True,ok,590.5593339998632
legitimate_login,standard_totp,True,ok,9.020749999763211
legitimate_login,zt_totp,True,ok,583.3509169997342
legitimate_login,standard_totp,True,ok,7.743707999907201
legitimate_login,zt_totp,True,ok,580.5347079999592
legitimate_login,standard_totp,True,ok,8.76200000038807
legitimate_login,zt_totp,True,ok,594.1360000001623
legitimate_login,standard_totp,True,ok,8.79724999958853
legitimate_login,zt_totp,True,ok,607.4369170000864
legitimate_login,standard_totp,True,ok,9.321499999714433
legitimate_login,zt_totp,True,ok,588.2180419998804
legitimate_login,standard_totp,True,ok,8.539958000255865
legitimate_login,zt_totp,True,ok,598.20262500034
legitimate_login,standard_totp,True,ok,8.98841700018238
legitimate_login,zt_totp,True,ok,580.0918750001074
legitimate_login,standard_totp,True,ok,7.72187499978827
legitimate_login,zt_totp,True,ok,618.718374999844
legitimate_login,standard_totp,True,ok,8.679042000039772
legitimate_login,zt_totp,True,ok,587.6197499997033
legitimate_login,standard_totp,True,ok,8.93949999999677
legitimate_login,zt_totp,True,ok,578.1510420001723
legitimate_login,standard_totp,True,ok,8.712791999641922
legitimate_login,zt_totp,True,ok,830.8200000001307
legitimate_login,standard_totp,True,ok,8.33904099999927
legitimate_login,zt_totp,True,ok,577.5212089997694
legitimate_login,standard_totp,True,ok,8.318542000324669
legitimate_login,zt_totp,True,ok,596.1159160001444
legitimate_login,standard_totp,True,ok,8.260207999683189
legitimate_login,zt_totp,True,ok,624.4544169999244
legitimate_login,standard_totp,True,ok,8.875957999862294
legitimate_login,zt_totp,True,ok,589.0287090001038
legitimate_login,standard_totp,True,ok,8.211458000005223
legitimate_login,zt_totp,True,ok,592.4786670002504
legitimate_login,standard_totp,True,ok,8.323208000092563
legitimate_login,zt_totp,True,ok,577.9864999999518
legitimate_login,standard_totp,True,ok,9.277165999719728
legitimate_login,zt_totp,True,ok,588.6792500000411
legitimate_login,standard_totp,True,ok,9.237875000053464
legitimate_login,zt_totp,True,ok,589.2571670001416
legitimate_login,standard_totp,True,ok,5.0104169999940495
legitimate_login,zt_totp,True,ok,635.7142500000919
legitimate_login,standard_totp,True,ok,8.333290999871679
legitimate_login,zt_totp,True,ok,606.647250000151
legitimate_login,standard_totp,True,ok,8.445625000149448
legitimate_login,zt_totp,True,ok,632.1752090002519
legitimate_login,standard_totp,True,ok,7.507583999995404
legitimate_login,zt_totp,True,ok,592.5494580001214
seed_compromise,standard_totp,True,ok,8.950083999934577
seed_compromise,zt_totp,False,invalid_device_proof,218.6849589998019
seed_compromise,standard_totp,True,ok,5.375375000312488
seed_compromise,zt_totp,False,invalid_device_proof,225.44808399970862
seed_compromise,standard_totp,True,ok,5.902957999751379
seed_compromise,zt_totp,False,invalid_device_proof,209.6211250000124
seed_compromise,standard_totp,True,ok,5.354124999939813
seed_compromise,zt_totp,False,invalid_device_proof,206.27533399965614
seed_compromise,standard_totp,True,ok,5.594750000000204
seed_compromise,zt_totp,False,invalid_device_proof,219.56249999993815
seed_compromise,standard_totp,True,ok,5.05045899990364
seed_compromise,zt_totp,False,invalid_device_proof,218.9103329997124
seed_compromise,standard_totp,True,ok,4.980083000191371
seed_compromise,zt_totp,False,invalid_device_proof,210.7896659999824
seed_compromise,standard_totp,True,ok,4.766958000345767
seed_compromise,zt_totp,False,invalid_device_proof,216.35554200020124
seed_compromise,standard_totp,True,ok,5.261333000362356
seed_compromise,zt_totp,False,invalid_device_proof,218.41874999972788
seed_compromise,standard_totp,True,ok,5.399208000198996
seed_compromise,zt_totp,False,invalid_device_proof,230.1223750000645
seed_compromise,standard_totp,True,ok,5.592707999767299
seed_compromise,zt_totp,False,invalid_device_proof,229.29637500010358
seed_compromise,standard_totp,True,ok,4.790250000041851
seed_compromise,zt_totp,False,invalid_device_proof,219.7724580000795
seed_compromise,standard_totp,True,ok,4.930416999741283
seed_compromise,zt_totp,False,invalid_device_proof,196.46099999999933
seed_compromise,standard_totp,True,ok,4.395541000121739
seed_compromise,zt_totp,False,invalid_device_proof,213.75650000027235
seed_compromise,standard_totp,True,ok,5.209541999647627
seed_compromise,zt_totp,False,invalid_device_proof,220.60554199970284
seed_compromise,standard_totp,True,ok,5.724083000131941
seed_compromise,zt_totp,False,invalid_device_proof,223.665125000025
seed_compromise,standard_totp,True,ok,5.313832999945589
seed_compromise,zt_totp,False,invalid_device_proof,208.14125000015338
seed_compromise,standard_totp,True,ok,4.896499999631487
seed_compromise,zt_totp,False,invalid_device_proof,223.18383299989364
seed_compromise,standard_totp,True,ok,4.967208000380197
seed_compromise,zt_totp,False,invalid_device_proof,211.4699999997356
seed_compromise,standard_totp,True,ok,4.787207999925158
seed_compromise,zt_totp,False,invalid_device_proof,217.87962499956848
seed_compromise,standard_totp,True,ok,5.743875000007392
seed_compromise,zt_totp,False,invalid_device_proof,217.01329200004693
seed_compromise,standard_totp,True,ok,5.277667000427755
seed_compromise,zt_totp,False,invalid_device_proof,211.01962500006266
seed_compromise,standard_totp,True,ok,5.059124999661435
seed_compromise,zt_totp,False,invalid_device_proof,221.14224999995713
seed_compromise,standard_totp,True,ok,5.286292000164394
seed_compromise,zt_totp,False,invalid_device_proof,226.13354100030847
seed_compromise,standard_totp,True,ok,4.529083000306855
seed_compromise,zt_totp,False,invalid_device_proof,222.79345900005865
seed_compromise,standard_totp,True,ok,4.623332999926788
seed_compromise,zt_totp,False,invalid_device_proof,210.61133400007748
seed_compromise,standard_totp,True,ok,4.925708999962808
seed_compromise,zt_totp,False,invalid_device_proof,216.93666700002723
seed_compromise,standard_totp,True,ok,5.204999999932625
seed_compromise,zt_totp,False,invalid_device_proof,318.17795800043314
seed_compromise,standard_totp,True,ok,4.794458000105806
seed_compromise,zt_totp,False,invalid_device_proof,217.6254579999295
seed_compromise,standard_totp,True,ok,5.8209160001752025
seed_compromise,zt_totp,False,invalid_device_proof,212.4107089998688
seed_compromise,standard_totp,True,ok,5.424791000223195
seed_compromise,zt_totp,False,invalid_device_proof,226.6492499998094
seed_compromise,standard_totp,True,ok,5.30808400026217
seed_compromise,zt_totp,False,invalid_device_proof,223.28120900010617
seed_compromise,standard_totp,True,ok,5.060667000179819
seed_compromise,zt_totp,False,invalid_device_proof,222.43241699970895
seed_compromise,standard_totp,True,ok,4.724208999959956
seed_compromise,zt_totp,False,invalid_device_proof,222.35670899999604
seed_compromise,standard_totp,True,ok,4.992500000298605
seed_compromise,zt_totp,False,invalid_device_proof,215.13179200019295
seed_compromise,standard_totp,True,ok,5.6461249996573315
seed_compromise,zt_totp,False,invalid_device_proof,216.24304099987057
seed_compromise,standard_totp,True,ok,5.099957999846083
seed_compromise,zt_totp,False,invalid_device_proof,209.7526249999646
seed_compromise,standard_totp,True,ok,4.96225000006234
seed_compromise,zt_totp,False,invalid_device_proof,219.6027499999218
seed_compromise,standard_totp,True,ok,5.124291999891284
seed_compromise,zt_totp,False,invalid_device_proof,220.74525000016365
seed_compromise,standard_totp,True,ok,4.72695799999201
seed_compromise,zt_totp,False,invalid_device_proof,224.95049999997718
seed_compromise,standard_totp,True,ok,5.640584000047966
seed_compromise,zt_totp,False,invalid_device_proof,223.97649999993519
seed_compromise,standard_totp,True,ok,5.342458000086481
seed_compromise,zt_totp,False,invalid_device_proof,217.02995899977395
seed_compromise,standard_totp,True,ok,4.911334000098577
seed_compromise,zt_totp,False,invalid_device_proof,223.28116600010617
seed_compromise,standard_totp,True,ok,5.155083000317973
seed_compromise,zt_totp,False,invalid_device_proof,219.84245800013014
seed_compromise,standard_totp,True,ok,5.45866600032241
seed_compromise,zt_totp,False,invalid_device_proof,223.26345800001945
seed_compromise,standard_totp,True,ok,5.058125000232394
seed_compromise,zt_totp,False,invalid_device_proof,225.95483299983243
seed_compromise,standard_totp,True,ok,5.3971659999660915
seed_compromise,zt_totp,False,invalid_device_proof,211.70000000029177
seed_compromise,standard_totp,True,ok,4.886249999799475
seed_compromise,zt_totp,False,invalid_device_proof,218.52270800036422
seed_compromise,standard_totp,True,ok,5.3104160001566925
seed_compromise,zt_totp,False,invalid_device_proof,224.17862500014962
seed_compromise,standard_totp,True,ok,4.903458000171668
seed_compromise,zt_totp,False,invalid_device_proof,276.543416000095
seed_compromise,standard_totp,True,ok,8.840082999995502
seed_compromise,zt_totp,False,invalid_device_proof,219.52337499988062
seed_compromise,standard_totp,True,ok,6.286541999998008
seed_compromise,zt_totp,False,invalid_device_proof,220.55966699963392
seed_compromise,standard_totp,True,ok,5.210374999933265
seed_compromise,zt_totp,False,invalid_device_proof,232.96120800023346
seed_compromise,standard_totp,True,ok,4.709791999630397
seed_compromise,zt_totp,False,invalid_device_proof,217.40779099991414
seed_compromise,standard_totp,True,ok,5.685457999788923
seed_compromise,zt_totp,False,invalid_device_proof,214.2294589998528
seed_compromise,standard_totp,True,ok,4.735125000024709
seed_compromise,zt_totp,False,invalid_device_proof,218.2848750003359
seed_compromise,standard_totp,True,ok,5.201541999667825
seed_compromise,zt_totp,False,invalid_device_proof,206.1132919998272
seed_compromise,standard_totp,True,ok,4.064125000240892
seed_compromise,zt_totp,False,invalid_device_proof,204.06045800018546
seed_compromise,standard_totp,True,ok,3.918333999990864
seed_compromise,zt_totp,False,invalid_device_proof,262.6337080000667
seed_compromise,standard_totp,True,ok,4.946874999859574
seed_compromise,zt_totp,False,invalid_device_proof,221.17774999969697
seed_compromise,standard_totp,True,ok,5.505541999809793
seed_compromise,zt_totp,False,invalid_device_proof,223.63287500002116
seed_compromise,standard_totp,True,ok,4.818707999675098
seed_compromise,zt_totp,False,invalid_device_proof,215.22666700002446
seed_compromise,standard_totp,True,ok,4.968624999946769
seed_compromise,zt_totp,False,invalid_device_proof,214.5423329998266
seed_compromise,standard_totp,True,ok,5.063624999820604
seed_compromise,zt_totp,False,invalid_device_proof,219.06762500020704
seed_compromise,standard_totp,True,ok,4.935124999974505
seed_compromise,zt_totp,False,invalid_device_proof,224.2418330001783
seed_compromise,standard_totp,True,ok,5.045416000029945
seed_compromise,zt_totp,False,invalid_device_proof,222.7899169997727
seed_compromise,standard_totp,True,ok,5.485916999987239
seed_compromise,zt_totp,False,invalid_device_proof,213.8999580001837
seed_compromise,standard_totp,True,ok,5.077082999832783
seed_compromise,zt_totp,False,invalid_device_proof,215.76462500024718
seed_compromise,standard_totp,True,ok,5.434917000002315
seed_compromise,zt_totp,False,invalid_device_proof,220.22758399998565
seed_compromise,standard_totp,True,ok,5.062416999862762
seed_compromise,zt_totp,False,invalid_device_proof,213.16733399999066
seed_compromise,standard_totp,True,ok,5.393458000071405
seed_compromise,zt_totp,False,invalid_device_proof,202.35070800026733
seed_compromise,standard_totp,True,ok,4.024332999961189
seed_compromise,zt_totp,False,invalid_device_proof,194.55479199996262
seed_compromise,standard_totp,True,ok,3.1230409999807307
seed_compromise,zt_totp,False,invalid_device_proof,252.07183299971803
seed_compromise,standard_totp,True,ok,5.5264169996007695
seed_compromise,zt_totp,False,invalid_device_proof,220.7772919996387
seed_compromise,standard_totp,True,ok,4.906375000246044
seed_compromise,zt_totp,False,invalid_device_proof,220.3420000000733
seed_compromise,standard_totp,True,ok,4.7622500001125445
seed_compromise,zt_totp,False,invalid_device_proof,206.827125000018
seed_compromise,standard_totp,True,ok,5.946875000063301
seed_compromise,zt_totp,False,invalid_device_proof,213.5212500002126
seed_compromise,standard_totp,True,ok,4.8077090000333556
seed_compromise,zt_totp,False,invalid_device_proof,226.90395800009355
seed_compromise,standard_totp,True,ok,5.32962499983114
seed_compromise,zt_totp,False,invalid_device_proof,211.37799999996787
seed_compromise,standard_totp,True,ok,5.7424579999860725
seed_compromise,zt_totp,False,invalid_device_proof,210.86233300002277
seed_compromise,standard_totp,True,ok,5.81049999982497
seed_compromise,zt_totp,False,invalid_device_proof,221.47654200034594
seed_compromise,standard_totp,True,ok,5.70795800013002
seed_compromise,zt_totp,False,invalid_device_proof,219.34320799982743
seed_compromise,standard_totp,True,ok,4.784624999956577
seed_compromise,zt_totp,False,invalid_device_proof,218.52145899993047
seed_compromise,standard_totp,True,ok,5.39629100012462
seed_compromise,zt_totp,False,invalid_device_proof,223.70008300003974
seed_compromise,standard_totp,True,ok,4.796250000254076
seed_compromise,zt_totp,False,invalid_device_proof,207.93333299980077
seed_compromise,standard_totp,True,ok,5.541874999835272
seed_compromise,zt_totp,False,invalid_device_proof,216.6815000000497
seed_compromise,standard_totp,True,ok,4.959166000389814
seed_compromise,zt_totp,False,invalid_device_proof,217.83449999975346
seed_compromise,standard_totp,True,ok,5.008792000353424
seed_compromise,zt_totp,False,invalid_device_proof,218.3554590001222
seed_compromise,standard_totp,True,ok,5.403624999871681
seed_compromise,zt_totp,False,invalid_device_proof,224.17054199968334
seed_compromise,standard_totp,True,ok,4.771583000092505
seed_compromise,zt_totp,False,invalid_device_proof,217.8495420002946
seed_compromise,standard_totp,True,ok,5.429667000043992
seed_compromise,zt_totp,False,invalid_device_proof,222.0036670000809
seed_compromise,standard_totp,True,ok,5.158250000022235
seed_compromise,zt_totp,False,invalid_device_proof,224.25045799991494
seed_compromise,standard_totp,True,ok,6.045584000275994
seed_compromise,zt_totp,False,invalid_device_proof,221.86104100001103
seed_compromise,standard_totp,True,ok,5.1484160003383295
seed_compromise,zt_totp,False,invalid_device_proof,226.56012500010547
seed_compromise,standard_totp,True,ok,4.976208999778464
seed_compromise,zt_totp,False,invalid_device_proof,222.31066600033955
seed_compromise,standard_totp,True,ok,5.3575839997392904
seed_compromise,zt_totp,False,invalid_device_proof,219.32745799995246
seed_compromise,standard_totp,True,ok,5.413041999872803
seed_compromise,zt_totp,False,invalid_device_proof,227.71229199997833
seed_compromise,standard_totp,True,ok,5.09425000018382
seed_compromise,zt_totp,False,invalid_device_proof,219.725957999799
seed_compromise,standard_totp,True,ok,5.443375000140804
seed_compromise,zt_totp,False,invalid_device_proof,217.27874999987762
seed_compromise,standard_totp,True,ok,4.8790000000735745
seed_compromise,zt_totp,False,invalid_device_proof,220.1545000002625
seed_compromise,standard_totp,True,ok,5.148000000190223
seed_compromise,zt_totp,False,invalid_device_proof,210.74858400015728
seed_compromise,standard_totp,True,ok,4.748708000079205
seed_compromise,zt_totp,False,invalid_device_proof,473.5390829996504
seed_compromise,standard_totp,True,ok,4.8852910003915895
seed_compromise,zt_totp,False,invalid_device_proof,218.9081670003361
seed_compromise,standard_totp,True,ok,5.263084000034723
seed_compromise,zt_totp,False,invalid_device_proof,215.39962499991816
seed_compromise,standard_totp,True,ok,4.965332999745442
seed_compromise,zt_totp,False,invalid_device_proof,214.227832999768
seed_compromise,standard_totp,True,ok,5.807458000163024
seed_compromise,zt_totp,False,invalid_device_proof,210.36929100000634
seed_compromise,standard_totp,True,ok,5.192291000184923
seed_compromise,zt_totp,False,invalid_device_proof,212.1425420000378
seed_compromise,standard_totp,True,ok,4.940082999837614
seed_compromise,zt_totp,False,invalid_device_proof,208.8493749997724
seed_compromise,standard_totp,True,ok,4.699958999935916
seed_compromise,zt_totp,False,invalid_device_proof,221.90091699985715
seed_compromise,standard_totp,True,ok,5.090125000151602
seed_compromise,zt_totp,False,invalid_device_proof,223.42129199978444
seed_compromise,standard_totp,True,ok,6.03899999987334
seed_compromise,zt_totp,False,invalid_device_proof,216.12675000005765
seed_compromise,standard_totp,True,ok,5.161541999768815
seed_compromise,zt_totp,False,invalid_device_proof,216.6141659999994
seed_compromise,standard_totp,True,ok,4.833666999729758
seed_compromise,zt_totp,False,invalid_device_proof,216.91745799989803
seed_compromise,standard_totp,True,ok,5.284917000153655
seed_compromise,zt_totp,False,invalid_device_proof,210.53325000002587
seed_compromise,standard_totp,True,ok,4.90254200030904
seed_compromise,zt_totp,False,invalid_device_proof,217.02141700006905
seed_compromise,standard_totp,True,ok,5.486000000018976
seed_compromise,zt_totp,False,invalid_device_proof,223.65625000020373
seed_compromise,standard_totp,True,ok,5.109333000291372
seed_compromise,zt_totp,False,invalid_device_proof,200.10816600006365
seed_compromise,standard_totp,True,ok,3.113332999873819
seed_compromise,zt_totp,False,invalid_device_proof,201.15041700000802
seed_compromise,standard_totp,True,ok,3.922833000160608
seed_compromise,zt_totp,False,invalid_device_proof,211.99449999994613
seed_compromise,standard_totp,True,ok,4.960624999966967
seed_compromise,zt_totp,False,invalid_device_proof,204.5024160001958
seed_compromise,standard_totp,True,ok,4.687583000304585
seed_compromise,zt_totp,False,invalid_device_proof,226.32404099977066
seed_compromise,standard_totp,True,ok,4.9241249998885905
seed_compromise,zt_totp,False,invalid_device_proof,224.6847909996177
seed_compromise,standard_totp,True,ok,5.111208000016632
seed_compromise,zt_totp,False,invalid_device_proof,219.56495800031917
seed_compromise,standard_totp,True,ok,5.910291999953188
seed_compromise,zt_totp,False,invalid_device_proof,215.35966700002973
seed_compromise,standard_totp,True,ok,4.997083000034763
seed_compromise,zt_totp,False,invalid_device_proof,215.81316600031641
seed_compromise,standard_totp,True,ok,4.998874999728287
seed_compromise,zt_totp,False,invalid_device_proof,218.678374999854
seed_compromise,standard_totp,True,ok,4.9165000000357395
seed_compromise,zt_totp,False,invalid_device_proof,218.36620800013407
seed_compromise,standard_totp,True,ok,5.416708000211656
seed_compromise,zt_totp,False,invalid_device_proof,217.84691599987127
seed_compromise,standard_totp,True,ok,5.360916999961773
seed_compromise,zt_totp,False,invalid_device_proof,217.73391600027026
seed_compromise,standard_totp,True,ok,5.712332999792125
seed_compromise,zt_totp,False,invalid_device_proof,226.96391700037566
seed_compromise,standard_totp,True,ok,5.089416999908281
seed_compromise,zt_totp,False,invalid_device_proof,224.69758299985187
seed_compromise,standard_totp,True,ok,4.807917000107409
seed_compromise,zt_totp,False,invalid_device_proof,222.34537500025908
seed_compromise,standard_totp,True,ok,4.842499999995198
seed_compromise,zt_totp,False,invalid_device_proof,338.5432499999297
seed_compromise,standard_totp,True,ok,5.177416000151425
seed_compromise,zt_totp,False,invalid_device_proof,222.8951249999227
seed_compromise,standard_totp,True,ok,5.202333999932307
seed_compromise,zt_totp,False,invalid_device_proof,214.4594170003984
seed_compromise,standard_totp,True,ok,5.470124999646941
seed_compromise,zt_totp,False,invalid_device_proof,227.71870799988392
seed_compromise,standard_totp,True,ok,5.109499999889522
seed_compromise,zt_totp,False,invalid_device_proof,203.40716700002304
seed_compromise,standard_totp,True,ok,3.383875000054104
seed_compromise,zt_totp,False,invalid_device_proof,217.74129100003847
seed_compromise,standard_totp,True,ok,6.090791000133322
seed_compromise,zt_totp,False,invalid_device_proof,231.36991699993814
seed_compromise,standard_totp,True,ok,5.030249999890657
seed_compromise,zt_totp,False,invalid_device_proof,223.20750000017142
seed_compromise,standard_totp,True,ok,5.3859579998061236
seed_compromise,zt_totp,False,invalid_device_proof,223.8016660003268
seed_compromise,standard_totp,True,ok,4.965999999967607
seed_compromise,zt_totp,False,invalid_device_proof,212.10987499989642
seed_compromise,standard_totp,True,ok,5.026959000133502
seed_compromise,zt_totp,False,invalid_device_proof,217.5527500003227
seed_compromise,standard_totp,True,ok,5.407583000305749
seed_compromise,zt_totp,False,invalid_device_proof,218.08945899965693
seed_compromise,standard_totp,True,ok,5.006374999993568
seed_compromise,zt_totp,False,invalid_device_proof,197.04066600024817
seed_compromise,standard_totp,True,ok,4.661792000206333
seed_compromise,zt_totp,False,invalid_device_proof,221.4952499998617
seed_compromise,standard_totp,True,ok,4.93370899994261
seed_compromise,zt_totp,False,invalid_device_proof,226.18437500022992
seed_compromise,standard_totp,True,ok,4.764333000366605
seed_compromise,zt_totp,False,invalid_device_proof,222.35570800012283
seed_compromise,standard_totp,True,ok,5.245041000307538
seed_compromise,zt_totp,False,invalid_device_proof,223.1832909997138
seed_compromise,standard_totp,True,ok,5.772291000084806
seed_compromise,zt_totp,False,invalid_device_proof,225.53029200025776
relay_phishing,standard_totp,True,ok,4.97733399970457
relay_phishing,zt_totp,False,invalid_device_proof,218.7112500000694
relay_phishing,standard_totp,True,ok,6.897333999859256
relay_phishing,zt_totp,False,invalid_device_proof,220.96779200001038
relay_phishing,standard_totp,True,ok,4.776750000019092
relay_phishing,zt_totp,False,invalid_device_proof,219.49966700003642
relay_phishing,standard_totp,True,ok,5.370416000005207
relay_phishing,zt_totp,False,invalid_device_proof,210.00741699981518
relay_phishing,standard_totp,True,ok,4.626124999958847
relay_phishing,zt_totp,False,invalid_device_proof,215.04829200011955
relay_phishing,standard_totp,True,ok,5.576208000093175
relay_phishing,zt_totp,False,invalid_device_proof,236.23312500012617
relay_phishing,standard_totp,True,ok,4.705709000063507
relay_phishing,zt_totp,False,invalid_device_proof,204.09204099996714
relay_phishing,standard_totp,True,ok,3.7820839997948497
relay_phishing,zt_totp,False,invalid_device_proof,200.09675000028437
relay_phishing,standard_totp,True,ok,3.7194159999671683
relay_phishing,zt_totp,False,invalid_device_proof,215.86437500036482
relay_phishing,standard_totp,True,ok,6.332041999939975
relay_phishing,zt_totp,False,invalid_device_proof,256.600208999771
relay_phishing,standard_totp,True,ok,5.7284169997728895
relay_phishing,zt_totp,False,invalid_device_proof,213.13383300002897
relay_phishing,standard_totp,True,ok,5.412041999989015
relay_phishing,zt_totp,False,invalid_device_proof,221.17037499992875
relay_phishing,standard_totp,True,ok,6.076000000120985
relay_phishing,zt_totp,False,invalid_device_proof,218.50004199995965
relay_phishing,standard_totp,True,ok,5.2093750000494765
relay_phishing,zt_totp,False,invalid_device_proof,215.236625000216
relay_phishing,standard_totp,True,ok,5.744916999901761
relay_phishing,zt_totp,False,invalid_device_proof,218.89033400020708
relay_phishing,standard_totp,True,ok,5.645124999773543
relay_phishing,zt_totp,False,invalid_device_proof,213.02624999998443
relay_phishing,standard_totp,True,ok,5.2852919998258585
relay_phishing,zt_totp,False,invalid_device_proof,209.23837500004083
relay_phishing,standard_totp,True,ok,5.4530000002159795
relay_phishing,zt_totp,False,invalid_device_proof,225.41962500008594
relay_phishing,standard_totp,True,ok,5.505457999788632
relay_phishing,zt_totp,False,invalid_device_proof,215.04079199985426
relay_phishing,standard_totp,True,ok,5.4382080002142175
relay_phishing,zt_totp,False,invalid_device_proof,223.36524999991525
relay_phishing,standard_totp,True,ok,5.244333000064216
relay_phishing,zt_totp,False,invalid_device_proof,211.11916600011682
relay_phishing,standard_totp,True,ok,5.73408299987932
relay_phishing,zt_totp,False,invalid_device_proof,212.81087499983187
relay_phishing,standard_totp,True,ok,5.597458000011102
relay_phishing,zt_totp,False,invalid_device_proof,218.04995900038193
relay_phishing,standard_totp,True,ok,6.046125000011671
relay_phishing,zt_totp,False,invalid_device_proof,219.24141699992106
relay_phishing,standard_totp,True,ok,6.261541000185389
relay_phishing,zt_totp,False,invalid_device_proof,217.80450000005658
relay_phishing,standard_totp,True,ok,5.204874999890308
relay_phishing,zt_totp,False,invalid_device_proof,216.31820800030255
relay_phishing,standard_totp,True,ok,5.67975000012666
relay_phishing,zt_totp,False,invalid_device_proof,219.97674999965966
relay_phishing,standard_totp,True,ok,5.956083000000945
relay_phishing,zt_totp,False,invalid_device_proof,218.96679200017388
relay_phishing,standard_totp,True,ok,5.596916999820678
relay_phishing,zt_totp,False,invalid_device_proof,219.71799999982977
relay_phishing,standard_totp,True,ok,5.802415999824007
relay_phishing,zt_totp,False,invalid_device_proof,212.66658299964547
relay_phishing,standard_totp,True,ok,5.307583000103477
relay_phishing,zt_totp,False,invalid_device_proof,219.142875000216
relay_phishing,standard_totp,True,ok,5.562124999869411
relay_phishing,zt_totp,False,invalid_device_proof,216.04229200011105
relay_phishing,standard_totp,True,ok,5.348124999727588
relay_phishing,zt_totp,False,invalid_device_proof,213.46025000002555
relay_phishing,standard_totp,True,ok,5.27749999992011
relay_phishing,zt_totp,False,invalid_device_proof,226.4148330000353
relay_phishing,standard_totp,True,ok,5.4077500003586465
relay_phishing,zt_totp,False,invalid_device_proof,225.53066699992996
relay_phishing,standard_totp,True,ok,5.618500000309723
relay_phishing,zt_totp,False,invalid_device_proof,223.2149159999608
relay_phishing,standard_totp,True,ok,5.274499999813997
relay_phishing,zt_totp,False,invalid_device_proof,212.57945799970912
relay_phishing,standard_totp,True,ok,4.889875000117172
relay_phishing,zt_totp,False,invalid_device_proof,210.71500000016385
relay_phishing,standard_totp,True,ok,4.952582999976585
relay_phishing,zt_totp,False,invalid_device_proof,223.25179100016612
relay_phishing,standard_totp,True,ok,5.319290999977966
relay_phishing,zt_totp,False,invalid_device_proof,214.31987500000105
relay_phishing,standard_totp,True,ok,5.690874999800144
relay_phishing,zt_totp,False,invalid_device_proof,220.31675000016548
relay_phishing,standard_totp,True,ok,5.84391600023082
relay_phishing,zt_totp,False,invalid_device_proof,219.95925000010175
relay_phishing,standard_totp,True,ok,5.4083330001049035
relay_phishing,zt_totp,False,invalid_device_proof,222.23254199980147
relay_phishing,standard_totp,True,ok,5.31216699982906
relay_phishing,zt_totp,False,invalid_device_proof,215.71766700026274
relay_phishing,standard_totp,True,ok,5.896833999941009
relay_phishing,zt_totp,False,invalid_device_proof,218.8763750000362
relay_phishing,standard_totp,True,ok,5.110291999699257
relay_phishing,zt_totp,False,invalid_device_proof,215.3009580001708
relay_phishing,standard_totp,True,ok,5.4412500003309106
relay_phishing,zt_totp,False,invalid_device_proof,213.4501249997811
relay_phishing,standard_totp,True,ok,5.656250000356522
relay_phishing,zt_totp,False,invalid_device_proof,214.9172079998607
relay_phishing,standard_totp,True,ok,5.485375000262138
relay_phishing,zt_totp,False,invalid_device_proof,212.68824999970093
relay_phishing,standard_totp,True,ok,5.698417000076006
relay_phishing,zt_totp,False,invalid_device_proof,224.65916700002708
relay_phishing,standard_totp,True,ok,5.473042000176065
relay_phishing,zt_totp,False,invalid_device_proof,213.2301249998818
relay_phishing,standard_totp,True,ok,6.198375000167289
relay_phishing,zt_totp,False,invalid_device_proof,222.200624999914
relay_phishing,standard_totp,True,ok,5.311916999744426
relay_phishing,zt_totp,False,invalid_device_proof,220.6980839996504
relay_phishing,standard_totp,True,ok,5.150957999831007
relay_phishing,zt_totp,False,invalid_device_proof,221.93708299982973
relay_phishing,standard_totp,True,ok,5.438791999949899
relay_phishing,zt_totp,False,invalid_device_proof,222.6148340000691
relay_phishing,standard_totp,True,ok,5.292416999964189
relay_phishing,zt_totp,False,invalid_device_proof,218.91695800013622
relay_phishing,standard_totp,True,ok,5.508166999788955
relay_phishing,zt_totp,False,invalid_device_proof,218.61466700011079
relay_phishing,standard_totp,True,ok,5.316040999787219
relay_phishing,zt_totp,False,invalid_device_proof,209.68462499968155
relay_phishing,standard_totp,True,ok,5.303708999690571
relay_phishing,zt_totp,False,invalid_device_proof,219.3422919999648
relay_phishing,standard_totp,True,ok,5.236333000084414
relay_phishing,zt_totp,False,invalid_device_proof,237.03483300005246
relay_phishing,standard_totp,True,ok,5.456458000026032
relay_phishing,zt_totp,False,invalid_device_proof,217.8656249998312
relay_phishing,standard_totp,True,ok,5.343874999653053
relay_phishing,zt_totp,False,invalid_device_proof,208.19274999985282
relay_phishing,standard_totp,True,ok,5.2018750002389424
relay_phishing,zt_totp,False,invalid_device_proof,215.57104199973764
relay_phishing,standard_totp,True,ok,5.033833999732451
relay_phishing,zt_totp,False,invalid_device_proof,213.30870900010268
relay_phishing,standard_totp,True,ok,4.75754200033407
relay_phishing,zt_totp,False,invalid_device_proof,213.79387499973745
relay_phishing,standard_totp,True,ok,4.825375000109489
relay_phishing,zt_totp,False,invalid_device_proof,222.85162500020306
relay_phishing,standard_totp,True,ok,4.847707999942941
relay_phishing,zt_totp,False,invalid_device_proof,216.1242500001208
relay_phishing,standard_totp,True,ok,5.148290999841265
relay_phishing,zt_totp,False,invalid_device_proof,225.79670799996165
relay_phishing,standard_totp,True,ok,4.992416000277444
relay_phishing,zt_totp,False,invalid_device_proof,215.40837500015186
relay_phishing,standard_totp,True,ok,5.483833999733179
relay_phishing,zt_totp,False,invalid_device_proof,208.66604200000438
relay_phishing,standard_totp,True,ok,5.482417000166606
relay_phishing,zt_totp,False,invalid_device_proof,217.5411250000252
relay_phishing,standard_totp,True,ok,5.300083999827621
relay_phishing,zt_totp,False,invalid_device_proof,220.40050000032352
relay_phishing,standard_totp,True,ok,5.290458999752445
relay_phishing,zt_totp,False,invalid_device_proof,222.01120799991259
relay_phishing,standard_totp,True,ok,4.976499999884254
relay_phishing,zt_totp,False,invalid_device_proof,221.94424999997864
relay_phishing,standard_totp,True,ok,5.353875000309927
relay_phishing,zt_totp,False,invalid_device_proof,223.27716600011627
relay_phishing,standard_totp,True,ok,5.0369999999020365
relay_phishing,zt_totp,False,invalid_device_proof,221.61945799962268
relay_phishing,standard_totp,True,ok,5.367665999983728
relay_phishing,zt_totp,False,invalid_device_proof,224.84066700008043
relay_phishing,standard_totp,True,ok,5.0627499999791326
relay_phishing,zt_totp,False,invalid_device_proof,220.48241699985738
relay_phishing,standard_totp,True,ok,5.039708999902359
relay_phishing,zt_totp,False,invalid_device_proof,213.4745829998792
relay_phishing,standard_totp,True,ok,4.891625000254862
relay_phishing,zt_totp,False,invalid_device_proof,216.66141600007904
relay_phishing,standard_totp,True,ok,4.94220900009168
relay_phishing,zt_totp,False,invalid_device_proof,224.23945899981845
relay_phishing,standard_totp,True,ok,4.830583000057231
relay_phishing,zt_totp,False,invalid_device_proof,219.87637499978518
relay_phishing,standard_totp,True,ok,5.335166999884677
relay_phishing,zt_totp,False,invalid_device_proof,222.34395799978302
relay_phishing,standard_totp,True,ok,5.192957999952341
relay_phishing,zt_totp,False,invalid_device_proof,214.6016659999077
relay_phishing,standard_totp,True,ok,5.77225000006365
relay_phishing,zt_totp,False,invalid_device_proof,234.51770800011218
relay_phishing,standard_totp,True,ok,5.939125000168133
relay_phishing,zt_totp,False,invalid_device_proof,225.72375000027023
relay_phishing,standard_totp,True,ok,4.872542000157409
relay_phishing,zt_totp,False,invalid_device_proof,214.31316700000025
relay_phishing,standard_totp,True,ok,5.210916999658366
relay_phishing,zt_totp,False,invalid_device_proof,217.6242089999505
relay_phishing,standard_totp,True,ok,5.360749999908876
relay_phishing,zt_totp,False,invalid_device_proof,218.23954199999207
relay_phishing,standard_totp,True,ok,5.295459000080882
relay_phishing,zt_totp,False,invalid_device_proof,218.649834000189
relay_phishing,standard_totp,True,ok,4.691042000104062
relay_phishing,zt_totp,False,invalid_device_proof,212.3609589998523
relay_phishing,standard_totp,True,ok,5.470291000165162
relay_phishing,zt_totp,False,invalid_device_proof,215.0755829998161
relay_phishing,standard_totp,True,ok,4.752374999952735
relay_phishing,zt_totp,False,invalid_device_proof,217.50204199997825
relay_phishing,standard_totp,True,ok,4.960666999977548
relay_phishing,zt_totp,False,invalid_device_proof,229.59466700012854
relay_phishing,standard_totp,True,ok,5.0103329999728885
relay_phishing,zt_totp,False,invalid_device_proof,213.4147500000836
relay_phishing,standard_totp,True,ok,4.968624999946769
relay_phishing,zt_totp,False,invalid_device_proof,213.55141699996238
relay_phishing,standard_totp,True,ok,5.058458999883442
relay_phishing,zt_totp,False,invalid_device_proof,220.20945799977198
relay_phishing,standard_totp,True,ok,4.95908299990333
relay_phishing,zt_totp,False,invalid_device_proof,212.3602500000743
relay_phishing,standard_totp,True,ok,4.972791000000143
relay_phishing,zt_totp,False,invalid_device_proof,210.4810420000831
relay_phishing,standard_totp,True,ok,4.971000000296044
relay_phishing,zt_totp,False,invalid_device_proof,222.7151249999224
relay_phishing,standard_totp,True,ok,5.292791000101715
relay_phishing,zt_totp,False,invalid_device_proof,217.1035420001317
relay_phishing,standard_totp,True,ok,5.060915999820281
relay_phishing,zt_totp,False,invalid_device_proof,206.6175420000036
relay_phishing,standard_totp,True,ok,4.8116250000020955
relay_phishing,zt_totp,False,invalid_device_proof,209.14395799991325
relay_phishing,standard_totp,True,ok,5.549665999751596
relay_phishing,zt_totp,False,invalid_device_proof,206.52145900021424
relay_phishing,standard_totp,True,ok,4.84154200012199
relay_phishing,zt_totp,False,invalid_device_proof,220.42183299981843
relay_phishing,standard_totp,True,ok,5.041499999606458
relay_phishing,zt_totp,False,invalid_device_proof,222.22966599974825
relay_phishing,standard_totp,True,ok,4.927875000248605
relay_phishing,zt_totp,False,invalid_device_proof,210.25137500009805
relay_phishing,standard_totp,True,ok,5.361208000067563
relay_phishing,zt_totp,False,invalid_device_proof,226.54220799995528
relay_phishing,standard_totp,True,ok,5.108332999952836
relay_phishing,zt_totp,False,invalid_device_proof,222.5589590002528
relay_phishing,standard_totp,True,ok,5.1991249997627165
relay_phishing,zt_totp,False,invalid_device_proof,217.3043749999124
relay_phishing,standard_totp,True,ok,4.873874999702821
relay_phishing,zt_totp,False,invalid_device_proof,214.6877919999497
relay_phishing,standard_totp,True,ok,5.046500000389642
relay_phishing,zt_totp,False,invalid_device_proof,219.7188330001154
relay_phishing,standard_totp,True,ok,5.096291999961977
relay_phishing,zt_totp,False,invalid_device_proof,219.69229199976326
relay_phishing,standard_totp,True,ok,5.744874999891181
relay_phishing,zt_totp,False,invalid_device_proof,216.26945900015926
relay_phishing,standard_totp,True,ok,5.0817920000554295
relay_phishing,zt_totp,False,invalid_device_proof,213.30200000011246
relay_phishing,standard_totp,True,ok,3.7022920000708837
relay_phishing,zt_totp,False,invalid_device_proof,202.2628749996329
relay_phishing,standard_totp,True,ok,3.488666000066587
relay_phishing,zt_totp,False,invalid_device_proof,213.7774170000739
relay_phishing,standard_totp,True,ok,5.284791000121913
relay_phishing,zt_totp,False,invalid_device_proof,230.48754199999166
relay_phishing,standard_totp,True,ok,5.589875000168831
relay_phishing,zt_totp,False,invalid_device_proof,219.12379200011856
relay_phishing,standard_totp,True,ok,4.949707999912789
relay_phishing,zt_totp,False,invalid_device_proof,215.5705840000337
relay_phishing,standard_totp,True,ok,5.109374999847205
relay_phishing,zt_totp,False,invalid_device_proof,209.40150000024005
relay_phishing,standard_totp,True,ok,5.25495800002318
relay_phishing,zt_totp,False,invalid_device_proof,210.7614999999896
relay_phishing,standard_totp,True,ok,5.456041999877925
relay_phishing,zt_totp,False,invalid_device_proof,231.69779099998777
relay_phishing,standard_totp,True,ok,5.718999999771768
relay_phishing,zt_totp,False,invalid_device_proof,216.87404200019955
relay_phishing,standard_totp,True,ok,5.056334000073548
relay_phishing,zt_totp,False,invalid_device_proof,222.49183300027653
relay_phishing,standard_totp,True,ok,5.3223340000840835
relay_phishing,zt_totp,False,invalid_device_proof,235.6393330001083
relay_phishing,standard_totp,True,ok,5.755374999807827
relay_phishing,zt_totp,False,invalid_device_proof,218.6994590001632
relay_phishing,standard_totp,True,ok,4.94504100015547
relay_phishing,zt_totp,False,invalid_device_proof,209.8694159999468
relay_phishing,standard_totp,True,ok,4.908749999685824
relay_phishing,zt_totp,False,invalid_device_proof,212.87649999976566
relay_phishing,standard_totp,True,ok,3.8232499996411207
relay_phishing,zt_totp,False,invalid_device_proof,233.33837499967558
relay_phishing,standard_totp,True,ok,4.902916999981244
relay_phishing,zt_totp,False,invalid_device_proof,216.57908399993175
relay_phishing,standard_totp,True,ok,4.917250000289641
relay_phishing,zt_totp,False,invalid_device_proof,223.13508300021567
relay_phishing,standard_totp,True,ok,5.663375000040105
relay_phishing,zt_totp,False,invalid_device_proof,214.8634579998543
relay_phishing,standard_totp,True,ok,5.032166999626497
relay_phishing,zt_totp,False,invalid_device_proof,224.6257910001077
relay_phishing,standard_totp,True,ok,4.992874999970809
relay_phishing,zt_totp,False,invalid_device_proof,207.70700000002762
relay_phishing,standard_totp,True,ok,6.465792000199144
relay_phishing,zt_totp,False,invalid_device_proof,223.64599999991697
relay_phishing,standard_totp,True,ok,5.4882499998711864
relay_phishing,zt_totp,False,invalid_device_proof,221.2793340004282
relay_phishing,standard_totp,True,ok,4.932040999847231
relay_phishing,zt_totp,False,invalid_device_proof,226.3890829999582
relay_phishing,standard_totp,True,ok,4.906083000150829
relay_phishing,zt_totp,False,invalid_device_proof,222.52241600017442
relay_phishing,standard_totp,True,ok,4.869500000040716
relay_phishing,zt_totp,False,invalid_device_proof,216.6217079998205
relay_phishing,standard_totp,True,ok,4.803499999979977
relay_phishing,zt_totp,False,invalid_device_proof,207.554667000295
relay_phishing,standard_totp,True,ok,5.461500000365049
relay_phishing,zt_totp,False,invalid_device_proof,214.9335419999261
relay_phishing,standard_totp,True,ok,5.3002089998699375
relay_phishing,zt_totp,False,invalid_device_proof,209.97041700002228
relay_phishing,standard_totp,True,ok,5.864792000011221
relay_phishing,zt_totp,False,invalid_device_proof,289.29187499988984
relay_phishing,standard_totp,True,ok,5.039457999828301
relay_phishing,zt_totp,False,invalid_device_proof,219.69575000002806
relay_phishing,standard_totp,True,ok,4.989333000139595
relay_phishing,zt_totp,False,invalid_device_proof,218.0277920001572
relay_phishing,standard_totp,True,ok,4.776208000293991
relay_phishing,zt_totp,False,invalid_device_proof,222.6428339999984
relay_phishing,standard_totp,True,ok,5.430499999874883
relay_phishing,zt_totp,False,invalid_device_proof,220.2065000001312
relay_phishing,standard_totp,True,ok,5.313999999998487
relay_phishing,zt_totp,False,invalid_device_proof,211.52487500012285
relay_phishing,standard_totp,True,ok,5.1756660000137344
relay_phishing,zt_totp,False,invalid_device_proof,224.51366600034817
offline_degraded,standard_totp,True,ok,5.246833999990486
offline_degraded,zt_totp,True,ok,199.91124999978638
offline_replay,zt_totp,False,invalid_recovery_code,8.363207999991573
offline_degraded,standard_totp,True,ok,6.040125000254193
offline_degraded,zt_totp,True,ok,193.75891600020623
offline_replay,zt_totp,False,invalid_recovery_code,8.47250000015265
offline_degraded,standard_totp,True,ok,6.063874999654217
offline_degraded,zt_totp,True,ok,212.56366599982357
offline_replay,zt_totp,False,invalid_recovery_code,8.784958999967785
offline_degraded,standard_totp,True,ok,6.4812499999789
offline_degraded,zt_totp,True,ok,197.85158300010153
offline_replay,zt_totp,False,invalid_recovery_code,8.513540999956604
offline_degraded,standard_totp,True,ok,6.640167000114161
offline_degraded,zt_totp,True,ok,191.6880419998961
offline_replay,zt_totp,False,invalid_recovery_code,8.515875000284723
offline_degraded,standard_totp,True,ok,6.278040999859513
offline_degraded,zt_totp,True,ok,201.5953330001139
offline_replay,zt_totp,False,invalid_recovery_code,8.408083000176703
offline_degraded,standard_totp,True,ok,6.137583000054292
offline_degraded,zt_totp,True,ok,212.03441599982398
offline_replay,zt_totp,False,invalid_recovery_code,8.261208000021725
offline_degraded,standard_totp,True,ok,6.696500000089145
offline_degraded,zt_totp,True,ok,193.00316699991527
offline_replay,zt_totp,False,invalid_recovery_code,8.783999999650405
offline_degraded,standard_totp,True,ok,6.147291999695881
offline_degraded,zt_totp,True,ok,200.194625000222
offline_replay,zt_totp,False,invalid_recovery_code,8.859084000050643
offline_degraded,standard_totp,True,ok,6.053749999864522
offline_degraded,zt_totp,True,ok,195.11224999996557
offline_replay,zt_totp,False,invalid_recovery_code,9.07287499967424
offline_degraded,standard_totp,True,ok,6.09412500034523
offline_degraded,zt_totp,True,ok,201.1076249996222
offline_replay,zt_totp,False,invalid_recovery_code,8.85808300017743
offline_degraded,standard_totp,True,ok,6.487083000138227
offline_degraded,zt_totp,True,ok,203.04233300021224
offline_replay,zt_totp,False,invalid_recovery_code,8.629333000044426
offline_degraded,standard_totp,True,ok,6.582417000117857
offline_degraded,zt_totp,True,ok,192.58120899985443
offline_replay,zt_totp,False,invalid_recovery_code,8.736540999962017
offline_degraded,standard_totp,True,ok,6.25816699994175
offline_degraded,zt_totp,True,ok,205.01400000011927
offline_replay,zt_totp,False,invalid_recovery_code,8.634042000267073
offline_degraded,standard_totp,True,ok,6.733916000030149
offline_degraded,zt_totp,True,ok,198.92875000005006
offline_replay,zt_totp,False,invalid_recovery_code,8.186959000340721
offline_degraded,standard_totp,True,ok,6.473584000104893
offline_degraded,zt_totp,True,ok,195.3244999999697
offline_replay,zt_totp,False,invalid_recovery_code,8.821125000395114
offline_degraded,standard_totp,True,ok,6.452999999964959
offline_degraded,zt_totp,True,ok,188.1132919997981
offline_replay,zt_totp,False,invalid_recovery_code,8.63291699988622
offline_degraded,standard_totp,True,ok,15.518499999870983
offline_degraded,zt_totp,True,ok,190.43200000032812
offline_replay,zt_totp,False,invalid_recovery_code,8.710791999874345
offline_degraded,standard_totp,True,ok,6.542000000081316
offline_degraded,zt_totp,True,ok,201.88091699992583
offline_replay,zt_totp,False,invalid_recovery_code,8.528374999968946
offline_degraded,standard_totp,True,ok,6.110958000135724
offline_degraded,zt_totp,True,ok,208.89916599981007
offline_replay,zt_totp,False,invalid_recovery_code,8.693167000274116
offline_degraded,standard_totp,True,ok,6.499874999917665
offline_degraded,zt_totp,True,ok,203.45766599984927
offline_replay,zt_totp,False,invalid_recovery_code,8.555624999644351
offline_degraded,standard_totp,True,ok,6.181374999869149
offline_degraded,zt_totp,True,ok,190.57795899971097
offline_replay,zt_totp,False,invalid_recovery_code,8.7674579999657
offline_degraded,standard_totp,True,ok,6.58591699993849
offline_degraded,zt_totp,True,ok,191.04687499975626
offline_replay,zt_totp,False,invalid_recovery_code,8.708041999852867
offline_degraded,standard_totp,True,ok,6.304042000010668
offline_degraded,zt_totp,True,ok,197.85175000015442
offline_replay,zt_totp,False,invalid_recovery_code,8.533874999557156
offline_degraded,standard_totp,True,ok,5.986916999972891
offline_degraded,zt_totp,True,ok,184.58033299975796
offline_replay,zt_totp,False,invalid_recovery_code,9.128540999881807
offline_degraded,standard_totp,True,ok,6.382791000305588
offline_degraded,zt_totp,True,ok,201.36812499958978
offline_replay,zt_totp,False,invalid_recovery_code,8.58612499996525
offline_degraded,standard_totp,True,ok,6.173417000354675
offline_degraded,zt_totp,True,ok,256.2627090001115
offline_replay,zt_totp,False,invalid_recovery_code,8.803124999758438
offline_degraded,standard_totp,True,ok,6.23387499990713
offline_degraded,zt_totp,True,ok,201.0525420000704
offline_replay,zt_totp,False,invalid_recovery_code,8.56912499966711
offline_degraded,standard_totp,True,ok,6.898459000240109
offline_degraded,zt_totp,True,ok,194.4127080000726
offline_replay,zt_totp,False,invalid_recovery_code,8.908958000120037
offline_degraded,standard_totp,True,ok,6.180792000122892
offline_degraded,zt_totp,True,ok,197.80616700018072
offline_replay,zt_totp,False,invalid_recovery_code,8.615041999746609
offline_degraded,standard_totp,True,ok,6.055332999949314
offline_degraded,zt_totp,True,ok,190.26208400009637
offline_replay,zt_totp,False,invalid_recovery_code,9.102416000132507
offline_degraded,standard_totp,True,ok,6.372666000061145
offline_degraded,zt_totp,True,ok,198.68370899985166
offline_replay,zt_totp,False,invalid_recovery_code,8.487000000059197
